{
  "abiya": {
    "password": "makruf",
    "jumlah_login": 26,
    "isLogin": "false",
    "jumlah_download": 0,
    "jumlah_upload": 2
  },
  "galih": {
    "password": "akbar",
    "jumlah_login": 11,
    "isLogin": "false",
    "jumlah_download": 0,
    "jumlah_upload": 0
  },
  "rizal": {
    "password": "nur",
    "jumlah_login": 6,
    "isLogin": "false",
    "jumlah_download": 0,
    "jumlah_upload": 0
  },
  "jan": {
    "password": "falih",
    "jumlah_login": 3,
    "isLogin": "false",
    "jumlah_download": 0,
    "jumlah_upload": 0
  },
  "qad": {
    "password": "rizky",
    "jumlah_login": 7,
    "isLogin": "false",
    "jumlah_download": 0,
    "jumlah_upload": 0
  }
}